processes,execution_time
1,0.000142
3,0.000334
5,0.000544
7,0.000405
9,0.000633
11,0.015152
13,0.003728
15,0.004915
