processes,execution_time
1,0.043713
3,0.021664
5,0.021003
7,0.024264
9,0.026359
11,0.036835
13,0.029826
15,0.034377
