processes,execution_time
1,0.000012
3,0.000112
5,0.000074
7,0.000161
9,0.000929
11,0.000471
13,0.000397
15,0.001430
