processes,execution_time
3,0.000168
6,0.000274
9,0.000356
12,0.000440
15,0.000498
18,0.000960
21,0.001045
24,0.001885
