processes,execution_time
1,0.000042
3,0.000171
5,0.000129
7,0.000201
9,0.000788
11,0.001118
13,N/A
15,0.000513
