processes,execution_time
1,0.070875
3,0.068095
5,0.067455
7,0.103476
9,0.074557
11,0.072628
13,0.094673
15,0.148950
