processes,execution_time
1,0.000021
3,0.000102
5,0.000122
7,N/A
9,0.000523
11,N/A
13,N/A
15,N/A
