processes,execution_time
2,0.000031
5,0.000063
10,0.000159
25,N/A
50,N/A
