processes,execution_time
2,0.170902
5,0.093769
10,0.071876
25,0.082673
50,0.137202
