processes,execution_time
2,0.000242
5,0.000241
10,0.000314
25,0.002367
50,0.007391
