processes,execution_time
2,1.412257
5,0.614803
10,0.623011
25,0.885051
50,0.844760
