processes,execution_time
2,0.001491
5,0.001306
10,0.000878
25,0.002902
50,0.011872
